candle_begin_time,symbol,close,offset
2023-06-10,LEVERUSDT,0.00112,0
2023-06-10,1000XECUSDT,0.02038,0
2023-06-10,1000SHIBUSDT,0.006847,0
2023-06-10,ANKRUSDT,0.01998,0
2023-06-10,TUSDT,0.01849,0
2023-06-10,PEOPLEUSDT,0.01195,0
2023-06-10,1000FLOKIUSDT,0.02137,0
2023-06-10,CKBUSDT,0.002829,0
2023-06-10,HBARUSDT,0.04536,0
2023-06-10,AMBUSDT,0.00735,0
2023-06-10,ASTRUSDT,0.03651,0
2023-06-10,ZILUSDT,0.01758,0
2023-06-10,RSRUSDT,0.001935,0
2023-06-10,KEYUSDT,0.005221,0
2023-06-10,DGBUSDT,0.00658,0
2023-06-10,SKLUSDT,0.02387,0
2023-06-10,ROSEUSDT,0.0442,0
2023-06-10,VETUSDT,0.01553,0
2023-06-10,STMXUSDT,0.00348,0
2023-06-10,GALAUSDT,0.02109,0
2023-06-10,LINAUSDT,0.01,0
2023-06-10,JASMYUSDT,0.003486,0
2023-06-10,CELRUSDT,0.01373,0
2023-06-10,REEFUSDT,0.001445,0
2023-06-10,DENTUSDT,0.00063,0
2023-06-10,IOTXUSDT,0.01727,0
2023-06-10,ACHUSDT,0.01895,0
2023-06-10,IOSTUSDT,0.007599,0
2023-06-10,TRUUSDT,0.03222,0
2023-06-10,HOTUSDT,0.001246,0
2023-06-10,SPELLUSDT,0.0004305,0
2023-06-10,XEMUSDT,0.0263,0
2023-06-10,RVNUSDT,0.01709,0
2023-06-10,ARPAUSDT,0.04353,0
2023-06-10,ONEUSDT,0.01044,0
2023-06-10,TLMUSDT,0.01026,0
2023-06-10,1000PEPEUSDT,0.0009292,0
2023-06-17,LEVERUSDT,0.001183,0
2023-06-17,1000XECUSDT,0.02022,0
2023-06-17,XEMUSDT,0.0261,0
2023-06-17,CKBUSDT,0.002672,0
2023-06-17,GALAUSDT,0.02327,0
2023-06-17,ASTRUSDT,0.03973,0
2023-06-17,AMBUSDT,0.00811,0
2023-06-17,HBARUSDT,0.04571,0
2023-06-17,IOTXUSDT,0.01802,0
2023-06-17,HOTUSDT,0.001316,0
2023-06-17,ANKRUSDT,0.01999,0
2023-06-17,PEOPLEUSDT,0.0122,0
2023-06-17,IOSTUSDT,0.007568,0
2023-06-17,JASMYUSDT,0.003858,0
2023-06-17,ZILUSDT,0.01763,0
2023-06-17,RVNUSDT,0.01721,0
2023-06-17,TLMUSDT,0.01049,0
2023-06-17,STMXUSDT,0.00348,0
2023-06-17,1000PEPEUSDT,0.0010003,0
2023-06-17,KEYUSDT,0.006276,0
2023-06-17,1000FLOKIUSDT,0.02245,0
2023-06-17,ROSEUSDT,0.04631,0
2023-06-17,DENTUSDT,0.000676,0
2023-06-17,RSRUSDT,0.002103,0
2023-06-17,ACHUSDT,0.0201,0
2023-06-17,DGBUSDT,0.00611,0
2023-06-17,REEFUSDT,0.001565,0
2023-06-17,ONEUSDT,0.01115,0
2023-06-17,SKLUSDT,0.02544,0
2023-06-17,VETUSDT,0.01499,0
2023-06-17,SPELLUSDT,0.0004487,0
2023-06-17,TRUUSDT,0.03876,0
2023-06-17,1000SHIBUSDT,0.00697,0
2023-06-17,LINAUSDT,0.014,0
2023-06-17,TUSDT,0.01838,0
2023-06-17,COTIUSDT,0.04538,0
2023-06-17,CELRUSDT,0.01491,0
2023-06-24,DENTUSDT,0.000797,0
2023-06-24,1000SHIBUSDT,0.007805,0
2023-06-24,IOTXUSDT,0.02044,0
2023-06-24,REEFUSDT,0.001724,0
2023-06-24,STMXUSDT,0.00404,0
2023-06-24,1000FLOKIUSDT,0.02712,0
2023-06-24,GALAUSDT,0.02654,0
2023-06-24,ROSEUSDT,0.05099,0
2023-06-24,LINAUSDT,0.01341,0
2023-06-24,HBARUSDT,0.05117,0
2023-06-24,KEYUSDT,0.006204,0
2023-06-24,ACHUSDT,0.02208,0
2023-06-24,TUSDT,0.02547,0
2023-06-24,AMBUSDT,0.00859,0
2023-06-24,1000PEPEUSDT,0.0015531,0
2023-06-24,TRUUSDT,0.04186,0
2023-06-24,RVNUSDT,0.01953,0
2023-06-24,ANKRUSDT,0.02657,0
2023-06-24,IOSTUSDT,0.008773,0
2023-06-24,RSRUSDT,0.002342,0
2023-06-24,TLMUSDT,0.01197,0
2023-06-24,SKLUSDT,0.02754,0
2023-06-24,ZILUSDT,0.02125,0
2023-06-24,COTIUSDT,0.05092,0
2023-06-24,DGBUSDT,0.00702,0
2023-06-24,LEVERUSDT,0.001326,0
2023-06-24,HOTUSDT,0.001416,0
2023-06-24,CKBUSDT,0.003025,0
2023-06-24,SPELLUSDT,0.0004855,0
2023-06-24,VETUSDT,0.01812,0
2023-06-24,ASTRUSDT,0.04621,0
2023-06-24,PEOPLEUSDT,0.01343,0
2023-06-24,XEMUSDT,0.0299,0
2023-06-24,ONEUSDT,0.01273,0
2023-06-24,CELRUSDT,0.01676,0
2023-06-24,1000XECUSDT,0.02499,0
2023-06-24,JASMYUSDT,0.004298,0
2023-07-01,TRUUSDT,0.04242,0
2023-07-01,TLMUSDT,0.01189,0
2023-07-01,1000FLOKIUSDT,0.02773,0
2023-07-01,ONEUSDT,0.01297,0
2023-07-01,DGBUSDT,0.00739,0
2023-07-01,XEMUSDT,0.0301,0
2023-07-01,RSRUSDT,0.002563,0
2023-07-01,SPELLUSDT,0.0004816,0
2023-07-01,DENTUSDT,0.000806,0
2023-07-01,REEFUSDT,0.001806,0
2023-07-01,VETUSDT,0.0205,0
2023-07-01,JASMYUSDT,0.00419,0
2023-07-01,1000SHIBUSDT,0.007648,0
2023-07-01,ACHUSDT,0.02024,0
2023-07-01,IOSTUSDT,0.008698,0
2023-07-01,LEVERUSDT,0.001331,0
2023-07-01,ANKRUSDT,0.02363,0
2023-07-01,RVNUSDT,0.0205,0
2023-07-01,GALAUSDT,0.02542,0
2023-07-01,IOTXUSDT,0.02015,0
2023-07-01,ROSEUSDT,0.05148,0
2023-07-01,1000PEPEUSDT,0.0015552,0
2023-07-01,SKLUSDT,0.02815,0
2023-07-01,PEOPLEUSDT,0.01372,0
2023-07-01,AMBUSDT,0.00819,0
2023-07-01,ASTRUSDT,0.04441,0
2023-07-01,CKBUSDT,0.003044,0
2023-07-01,COTIUSDT,0.05342,0
2023-07-01,HBARUSDT,0.05075,0
2023-07-01,ZILUSDT,0.02187,0
2023-07-01,STMXUSDT,0.00403,0
2023-07-01,TUSDT,0.02352,0
2023-07-01,1000XECUSDT,0.03679,0
2023-07-01,CELRUSDT,0.01698,0
2023-07-01,HOTUSDT,0.001395,0
2023-07-01,LINAUSDT,0.01439,0
2023-07-01,KEYUSDT,0.006252,0
2023-07-08,1000PEPEUSDT,0.0015518,0
2023-07-08,ACHUSDT,0.01965,0
2023-07-08,LEVERUSDT,0.001308,0
2023-07-08,1000FLOKIUSDT,0.02498,0
2023-07-08,1000XECUSDT,0.03486,0
2023-07-08,IOTXUSDT,0.0194,0
2023-07-08,AMBUSDT,0.00681,0
2023-07-08,TLMUSDT,0.01116,0
2023-07-08,STMXUSDT,0.00403,0
2023-07-08,SPELLUSDT,0.0004684,0
2023-07-08,DGBUSDT,0.00817,0
2023-07-08,ROSEUSDT,0.04767,0
2023-07-08,XVGUSDT,0.007855,0
2023-07-08,VETUSDT,0.0188,0
2023-07-08,ZILUSDT,0.02051,0
2023-07-08,REEFUSDT,0.001715,0
2023-07-08,JASMYUSDT,0.00403,0
2023-07-08,DENTUSDT,0.000782,0
2023-07-08,CKBUSDT,0.002853,0
2023-07-08,TRUUSDT,0.03927,0
2023-07-08,ASTRUSDT,0.04293,0
2023-07-08,IOSTUSDT,0.008309,0
2023-07-08,GALAUSDT,0.02407,0
2023-07-08,HBARUSDT,0.04701,0
2023-07-08,KEYUSDT,0.006003,0
2023-07-08,RSRUSDT,0.002039,0
2023-07-08,ANKRUSDT,0.02305,0
2023-07-08,SKLUSDT,0.02774,0
2023-07-08,PEOPLEUSDT,0.0129,0
2023-07-08,HOTUSDT,0.001325,0
2023-07-08,CELRUSDT,0.01579,0
2023-07-08,TUSDT,0.02278,0
2023-07-08,LINAUSDT,0.0133,0
2023-07-08,ONEUSDT,0.01205,0
2023-07-08,RVNUSDT,0.01965,0
2023-07-08,1000SHIBUSDT,0.007637,0
2023-07-08,XEMUSDT,0.0275,0
2023-07-15,REEFUSDT,0.001739,0
2023-07-15,ACHUSDT,0.02011,0
2023-07-15,DENTUSDT,0.000818,0
2023-07-15,SPELLUSDT,0.0005029,0
2023-07-15,DGBUSDT,0.00829,0
2023-07-15,1000XECUSDT,0.02959,0
2023-07-15,IOSTUSDT,0.009396,0
2023-07-15,TRUUSDT,0.03945,0
2023-07-15,CKBUSDT,0.002909,0
2023-07-15,TLMUSDT,0.01186,0
2023-07-15,STMXUSDT,0.00436,0
2023-07-15,HBARUSDT,0.05213,0
2023-07-15,ONEUSDT,0.01317,0
2023-07-15,1000FLOKIUSDT,0.02589,0
2023-07-15,LEVERUSDT,0.001357,0
2023-07-15,1000PEPEUSDT,0.0016438,0
2023-07-15,VETUSDT,0.01966,0
2023-07-15,AMBUSDT,0.00746,0
2023-07-15,ASTRUSDT,0.04378,0
2023-07-15,IOTXUSDT,0.02038,0
2023-07-15,ZILUSDT,0.02237,0
2023-07-15,SKLUSDT,0.02934,0
2023-07-15,PEOPLEUSDT,0.01402,0
2023-07-15,1000SHIBUSDT,0.00809,0
2023-07-15,RSRUSDT,0.002285,0
2023-07-15,XEMUSDT,0.0302,0
2023-07-15,RVNUSDT,0.02,0
2023-07-15,XVGUSDT,0.0061,0
2023-07-15,ANKRUSDT,0.02618,0
2023-07-15,TUSDT,0.02475,0
2023-07-15,CELRUSDT,0.016,0
2023-07-15,GALAUSDT,0.02569,0
2023-07-15,LINAUSDT,0.01419,0
2023-07-15,KEYUSDT,0.006045,0
2023-07-15,HOTUSDT,0.001358,0
2023-07-15,JASMYUSDT,0.004118,0
2023-07-15,ROSEUSDT,0.05145,0
2023-07-22,AMBUSDT,0.00701,0
2023-07-22,JASMYUSDT,0.003796,0
2023-07-22,RVNUSDT,0.01918,0
2023-07-22,1000PEPEUSDT,0.00149,0
2023-07-22,1000XECUSDT,0.03066,0
2023-07-22,XVGUSDT,0.005299,0
2023-07-22,LEVERUSDT,0.001192,0
2023-07-22,MDTUSDT,0.04769,0
2023-07-22,DENTUSDT,0.000779,0
2023-07-22,REEFUSDT,0.001613,0
2023-07-22,1000SHIBUSDT,0.00777,0
2023-07-22,TRUUSDT,0.03501,0
2023-07-22,SPELLUSDT,0.0004742,0
2023-07-22,ARPAUSDT,0.04953,0
2023-07-22,LINAUSDT,0.01342,0
2023-07-22,GALAUSDT,0.02619,0
2023-07-22,TLMUSDT,0.01089,0
2023-07-22,ASTRUSDT,0.04426,0
2023-07-22,1000FLOKIUSDT,0.02377,0
2023-07-22,CELRUSDT,0.01495,0
2023-07-22,IOTXUSDT,0.01958,0
2023-07-22,ZILUSDT,0.02147,0
2023-07-22,XEMUSDT,0.0301,0
2023-07-22,ONEUSDT,0.01199,0
2023-07-22,KEYUSDT,0.005368,0
2023-07-22,ACHUSDT,0.01791,0
2023-07-22,DGBUSDT,0.00815,0
2023-07-22,IOSTUSDT,0.008961,0
2023-07-22,PEOPLEUSDT,0.01315,0
2023-07-22,SKLUSDT,0.02829,0
2023-07-22,HOTUSDT,0.001296,0
2023-07-22,CKBUSDT,0.002769,0
2023-07-22,VETUSDT,0.01926,0
2023-07-22,ANKRUSDT,0.02528,0
2023-07-22,RSRUSDT,0.002088,0
2023-07-22,TUSDT,0.02423,0
2023-07-22,STMXUSDT,0.00797,0
2023-07-29,MDTUSDT,0.04809,0
2023-07-29,AMBUSDT,0.00688,0
2023-07-29,TUSDT,0.02543,0
2023-07-29,STMXUSDT,0.00764,0
2023-07-29,DENTUSDT,0.000746,0
2023-07-29,ANKRUSDT,0.0271,0
2023-07-29,TLMUSDT,0.01097,0
2023-07-29,KEYUSDT,0.005575,0
2023-07-29,IOSTUSDT,0.009317,0
2023-07-29,CKBUSDT,0.002816,0
2023-07-29,1000PEPEUSDT,0.0013464,0
2023-07-29,1000XECUSDT,0.03023,0
2023-07-29,ACHUSDT,0.01836,0
2023-07-29,LEVERUSDT,0.001204,0
2023-07-29,1000SHIBUSDT,0.008517,0
2023-07-29,RVNUSDT,0.01855,0
2023-07-29,LINAUSDT,0.01295,0
2023-07-29,RSRUSDT,0.002018,0
2023-07-29,PEOPLEUSDT,0.01298,0
2023-07-29,COTIUSDT,0.04409,0
2023-07-29,SPELLUSDT,0.0004713,0
2023-07-29,HOTUSDT,0.001295,0
2023-07-29,JASMYUSDT,0.003965,0
2023-07-29,VETUSDT,0.01886,0
2023-07-29,GALAUSDT,0.02348,0
2023-07-29,SKLUSDT,0.02745,0
2023-07-29,IOTXUSDT,0.01912,0
2023-07-29,1000FLOKIUSDT,0.02295,0
2023-07-29,CELRUSDT,0.01446,0
2023-07-29,ONEUSDT,0.0121,0
2023-07-29,ARPAUSDT,0.05116,0
2023-07-29,XEMUSDT,0.0307,0
2023-07-29,ASTRUSDT,0.0522,0
2023-07-29,XVGUSDT,0.004669,0
2023-07-29,TRUUSDT,0.03569,0
2023-07-29,DGBUSDT,0.00818,0
2023-07-29,REEFUSDT,0.001578,0
2023-07-29,ZILUSDT,0.02149,0
2023-08-05,TLMUSDT,0.01076,0
2023-08-05,SPELLUSDT,0.0004617,0
2023-08-05,ONEUSDT,0.01142,0
2023-08-05,IOTXUSDT,0.01708,0
2023-08-05,SKLUSDT,0.0265,0
2023-08-05,HOTUSDT,0.001256,0
2023-08-05,ANKRUSDT,0.02442,0
2023-08-05,XVGUSDT,0.004207,0
2023-08-05,DENTUSDT,0.000752,0
2023-08-05,TUSDT,0.02362,0
2023-08-05,STMXUSDT,0.00685,0
2023-08-05,CELRUSDT,0.014,0
2023-08-05,KEYUSDT,0.005266,0
2023-08-05,AMBUSDT,0.00623,0
2023-08-05,GALAUSDT,0.02439,0
2023-08-05,IOSTUSDT,0.008778,0
2023-08-05,LEVERUSDT,0.001122,0
2023-08-05,1000SHIBUSDT,0.009975,0
2023-08-05,PEOPLEUSDT,0.01271,0
2023-08-05,RSRUSDT,0.001941,0
2023-08-05,LINAUSDT,0.01369,0
2023-08-05,IDEXUSDT,0.05001,0
2023-08-05,XEMUSDT,0.0297,0
2023-08-05,ACHUSDT,0.01739,0
2023-08-05,TRUUSDT,0.03295,0
2023-08-05,DGBUSDT,0.00787,0
2023-08-05,JASMYUSDT,0.003741,0
2023-08-05,1000PEPEUSDT,0.0011528,0
2023-08-05,1000XECUSDT,0.02904,0
2023-08-05,REEFUSDT,0.00146,0
2023-08-05,ROSEUSDT,0.04752,0
2023-08-05,ZILUSDT,0.02022,0
2023-08-05,MDTUSDT,0.04491,0
2023-08-05,RVNUSDT,0.01773,0
2023-08-05,CKBUSDT,0.002917,0
2023-08-05,1000FLOKIUSDT,0.02274,0
2023-08-05,COTIUSDT,0.04652,0
2023-08-05,VETUSDT,0.01787,0
2023-08-12,PEOPLEUSDT,0.01278,0
2023-08-12,ONEUSDT,0.01126,0
2023-08-12,RSRUSDT,0.002171,0
2023-08-12,COTIUSDT,0.04861,0
2023-08-12,1000XECUSDT,0.02939,0
2023-08-12,DENTUSDT,0.000787,0
2023-08-12,SKLUSDT,0.02833,0
2023-08-12,IOSTUSDT,0.00851,0
2023-08-12,1000FLOKIUSDT,0.02325,0
2023-08-12,XEMUSDT,0.0296,0
2023-08-12,VETUSDT,0.01791,0
2023-08-12,LEVERUSDT,0.001279,0
2023-08-12,STMXUSDT,0.00679,0
2023-08-12,1000PEPEUSDT,0.0013527,0
2023-08-12,TRUUSDT,0.03781,0
2023-08-12,REEFUSDT,0.001539,0
2023-08-12,ANKRUSDT,0.02418,0
2023-08-12,CKBUSDT,0.003155,0
2023-08-12,TUSDT,0.02359,0
2023-08-12,GALAUSDT,0.02305,0
2023-08-12,MDTUSDT,0.0437,0
2023-08-12,XVGUSDT,0.004288,0
2023-08-12,IOTXUSDT,0.01752,0
2023-08-12,TLMUSDT,0.01247,0
2023-08-12,KEYUSDT,0.005277,0
2023-08-12,AMBUSDT,0.00672,0
2023-08-12,RVNUSDT,0.01796,0
2023-08-12,ZILUSDT,0.02008,0
2023-08-12,LINAUSDT,0.01447,0
2023-08-12,ROSEUSDT,0.04746,0
2023-08-12,SPELLUSDT,0.0004817,0
2023-08-12,CELRUSDT,0.0142,0
2023-08-12,IDEXUSDT,0.05346,0
2023-08-12,JASMYUSDT,0.004106,0
2023-08-12,HOTUSDT,0.001274,0
2023-08-12,ACHUSDT,0.0172,0
2023-08-12,1000SHIBUSDT,0.010714,0
2023-08-12,DGBUSDT,0.00787,0
2023-08-19,IOTXUSDT,0.01432,0
2023-08-19,RVNUSDT,0.01593,0
2023-08-19,DGBUSDT,0.00692,0
2023-08-19,RSRUSDT,0.001846,0
2023-08-19,IDEXUSDT,0.04467,0
2023-08-19,1000PEPEUSDT,0.001131,0
2023-08-19,IOSTUSDT,0.007218,0
2023-08-19,REEFUSDT,0.001313,0
2023-08-19,ROSEUSDT,0.04144,0
2023-08-19,SKLUSDT,0.0218,0
2023-08-19,DENTUSDT,0.000672,0
2023-08-19,MDTUSDT,0.03821,0
2023-08-19,ANKRUSDT,0.02019,0
2023-08-19,KEYUSDT,0.00447,0
2023-08-19,XVGUSDT,0.003565,0
2023-08-19,ONEUSDT,0.00989,0
2023-08-19,SPELLUSDT,0.0004006,0
2023-08-19,TLMUSDT,0.01034,0
2023-08-19,XEMUSDT,0.0253,0
2023-08-19,ACHUSDT,0.01519,0
2023-08-19,CELRUSDT,0.01181,0
2023-08-19,TRUUSDT,0.03002,0
2023-08-19,TUSDT,0.01932,0
2023-08-19,HOTUSDT,0.001112,0
2023-08-19,LINAUSDT,0.0118,0
2023-08-19,LEVERUSDT,0.001217,0
2023-08-19,CKBUSDT,0.002778,0
2023-08-19,ZILUSDT,0.01698,0
2023-08-19,AMBUSDT,0.00642,0
2023-08-19,COTIUSDT,0.0401,0
2023-08-19,1000XECUSDT,0.0244,0
2023-08-19,STMXUSDT,0.00527,0
2023-08-19,JASMYUSDT,0.003455,0
2023-08-19,VETUSDT,0.01602,0
2023-08-19,1000SHIBUSDT,0.008428,0
2023-08-19,PEOPLEUSDT,0.00991,0
2023-08-19,ARPAUSDT,0.04076,0
2023-08-19,GALAUSDT,0.02005,0
2023-08-19,1000FLOKIUSDT,0.01871,0
2023-08-26,1000XECUSDT,0.02364,0
2023-08-26,REEFUSDT,0.001265,0
2023-08-26,IOSTUSDT,0.007305,0
2023-08-26,JASMYUSDT,0.003333,0
2023-08-26,1000PEPEUSDT,0.000867,0
2023-08-26,RVNUSDT,0.0153,0
2023-08-26,TLMUSDT,0.00978,0
2023-08-26,KEYUSDT,0.004241,0
2023-08-26,TRUUSDT,0.03146,0
2023-08-26,1000FLOKIUSDT,0.0176,0
2023-08-26,ARPAUSDT,0.04013,0
2023-08-26,MDTUSDT,0.03764,0
2023-08-26,AMBUSDT,0.00637,0
2023-08-26,SPELLUSDT,0.0003898,0
2023-08-26,TUSDT,0.01827,0
2023-08-26,XVGUSDT,0.003365,0
2023-08-26,ANKRUSDT,0.01983,0
2023-08-26,STMXUSDT,0.00517,0
2023-08-26,SKLUSDT,0.02185,0
2023-08-26,ROSEUSDT,0.04008,0
2023-08-26,CELRUSDT,0.01122,0
2023-08-26,DENTUSDT,0.000624,0
2023-08-26,LEVERUSDT,0.001233,0
2023-08-26,DGBUSDT,0.0068,0
2023-08-26,CKBUSDT,0.002667,0
2023-08-26,IOTXUSDT,0.01359,0
2023-08-26,ZILUSDT,0.01664,0
2023-08-26,ONEUSDT,0.00997,0
2023-08-26,VETUSDT,0.01585,0
2023-08-26,GALAUSDT,0.01908,0
2023-08-26,PEOPLEUSDT,0.00942,0
2023-08-26,COTIUSDT,0.03831,0
2023-08-26,XEMUSDT,0.025,0
2023-08-26,RSRUSDT,0.001787,0
2023-08-26,ACHUSDT,0.01365,0
2023-08-26,HOTUSDT,0.001075,0
2023-08-26,LINAUSDT,0.01011,0
2023-08-26,IDEXUSDT,0.04299,0
2023-08-26,1000SHIBUSDT,0.008082,0
2023-09-02,HOTUSDT,0.001042,0
2023-09-02,SPELLUSDT,0.0003862,0
2023-09-02,ANKRUSDT,0.01821,0
2023-09-02,ROSEUSDT,0.03962,0
2023-09-02,CKBUSDT,0.002714,0
2023-09-02,SKLUSDT,0.0205,0
2023-09-02,VETUSDT,0.01548,0
2023-09-02,PEOPLEUSDT,0.0093,0
2023-09-02,STMXUSDT,0.00465,0
2023-09-02,DGBUSDT,0.00676,0
2023-09-02,IOTXUSDT,0.01368,0
2023-09-02,RSRUSDT,0.001696,0
2023-09-02,TRUUSDT,0.03037,0
2023-09-02,XVGUSDT,0.003345,0
2023-09-02,REEFUSDT,0.001297,0
2023-09-02,COTIUSDT,0.03757,0
2023-09-02,LEVERUSDT,0.001297,0
2023-09-02,GALAUSDT,0.01852,0
2023-09-02,LINAUSDT,0.0102,0
2023-09-02,IDEXUSDT,0.04386,0
2023-09-02,ARPAUSDT,0.04257,0
2023-09-02,KEYUSDT,0.004593,0
2023-09-02,IOSTUSDT,0.006961,0
2023-09-02,TLMUSDT,0.00934,0
2023-09-02,JASMYUSDT,0.003542,0
2023-09-02,ONEUSDT,0.00944,0
2023-09-02,XEMUSDT,0.0241,0
2023-09-02,AMBUSDT,0.007655,0
2023-09-02,1000SHIBUSDT,0.007818,0
2023-09-02,TUSDT,0.0171,0
2023-09-02,ZILUSDT,0.01595,0
2023-09-02,CELRUSDT,0.01122,0
2023-09-02,1000XECUSDT,0.02302,0
2023-09-02,ACHUSDT,0.01293,0
2023-09-02,1000PEPEUSDT,0.0007811,0
2023-09-02,RVNUSDT,0.01498,0
2023-09-02,1000FLOKIUSDT,0.01702,0
2023-09-02,MDTUSDT,0.05144,0
2023-09-02,DENTUSDT,0.000618,0
2023-09-09,IOTXUSDT,0.01544,0
2023-09-09,STMXUSDT,0.00481,0
2023-09-09,RVNUSDT,0.0151,0
2023-09-09,COTIUSDT,0.04293,0
2023-09-09,DENTUSDT,0.000636,0
2023-09-09,RENUSDT,0.04583,0
2023-09-09,GALAUSDT,0.01595,0
2023-09-09,ARPAUSDT,0.04568,0
2023-09-09,CKBUSDT,0.002833,0
2023-09-09,PEOPLEUSDT,0.00977,0
2023-09-09,ANKRUSDT,0.0188,0
2023-09-09,DGBUSDT,0.00669,0
2023-09-09,XVGUSDT,0.003818,0
2023-09-09,1000SHIBUSDT,0.007559,0
2023-09-09,RSRUSDT,0.001837,0
2023-09-09,1000PEPEUSDT,0.0007861,0
2023-09-09,JASMYUSDT,0.003786,0
2023-09-09,KEYUSDT,0.005048,0
2023-09-09,AMBUSDT,0.008286,0
2023-09-09,VETUSDT,0.01555,0
2023-09-09,TRUUSDT,0.03252,0
2023-09-09,XEMUSDT,0.0247,0
2023-09-09,REEFUSDT,0.001497,0
2023-09-09,ONEUSDT,0.00984,0
2023-09-09,1000FLOKIUSDT,0.01753,0
2023-09-09,HOTUSDT,0.001089,0
2023-09-09,ZILUSDT,0.01642,0
2023-09-09,TUSDT,0.01765,0
2023-09-09,SPELLUSDT,0.0004103,0
2023-09-09,ACHUSDT,0.0142,0
2023-09-09,TLMUSDT,0.01106,0
2023-09-09,LINAUSDT,0.01061,0
2023-09-09,1000XECUSDT,0.02341,0
2023-09-09,IDEXUSDT,0.04672,0
2023-09-09,SKLUSDT,0.02308,0
2023-09-09,CELRUSDT,0.01207,0
2023-09-09,LEVERUSDT,0.001417,0
2023-09-09,IOSTUSDT,0.007201,0
2023-09-09,ROSEUSDT,0.04002,0
2023-09-16,STMXUSDT,0.00702,0
2023-09-16,DGBUSDT,0.00658,0
2023-09-16,ROSEUSDT,0.04057,0
2023-09-16,ARPAUSDT,0.04476,0
2023-09-16,SKLUSDT,0.02407,0
2023-09-16,IOTXUSDT,0.01548,0
2023-09-16,AMBUSDT,0.00851,0
2023-09-16,RSRUSDT,0.001987,0
2023-09-16,JASMYUSDT,0.00362,0
2023-09-16,COTIUSDT,0.04367,0
2023-09-16,ANKRUSDT,0.01927,0
2023-09-16,CELRUSDT,0.01192,0
2023-09-16,DENTUSDT,0.000627,0
2023-09-16,SPELLUSDT,0.000512,0
2023-09-16,XEMUSDT,0.026,0
2023-09-16,IOSTUSDT,0.007318,0
2023-09-16,LEVERUSDT,0.001349,0
2023-09-16,1000SHIBUSDT,0.007392,0
2023-09-16,REEFUSDT,0.001337,0
2023-09-16,RVNUSDT,0.01512,0
2023-09-16,RENUSDT,0.04902,0
2023-09-16,KEYUSDT,0.006259,0
2023-09-16,1000FLOKIUSDT,0.01617,0
2023-09-16,LINAUSDT,0.01081,0
2023-09-16,1000PEPEUSDT,0.0006752,0
2023-09-16,ONEUSDT,0.01002,0
2023-09-16,TRUUSDT,0.0368,0
2023-09-16,ZILUSDT,0.01659,0
2023-09-16,MDTUSDT,0.04654,0
2023-09-16,VETUSDT,0.01769,0
2023-09-16,GALAUSDT,0.01482,0
2023-09-16,TUSDT,0.01804,0
2023-09-16,PEOPLEUSDT,0.00968,0
2023-09-16,ACHUSDT,0.0159,0
2023-09-16,HOTUSDT,0.001078,0
2023-09-16,1000XECUSDT,0.02362,0
2023-09-16,CKBUSDT,0.002784,0
2023-09-16,XVGUSDT,0.003446,0
2023-09-16,TLMUSDT,0.01014,0
2023-09-16,1000PEPEUSDT,0.0006757,0
2023-09-16,CKBUSDT,0.002784,0
2023-09-16,TRUUSDT,0.0368,0
2023-09-16,1000FLOKIUSDT,0.01618,0
2023-09-16,SPELLUSDT,0.0005121,0
2023-09-16,ARPAUSDT,0.04476,0
2023-09-16,AMBUSDT,0.008511,0
2023-09-16,ROSEUSDT,0.04057,0
2023-09-16,REEFUSDT,0.001337,0
2023-09-16,DGBUSDT,0.00659,0
2023-09-16,KEYUSDT,0.006261,0
2023-09-16,LEVERUSDT,0.001348,0
2023-09-16,ONEUSDT,0.01003,0
2023-09-16,GALAUSDT,0.01483,0
2023-09-16,VETUSDT,0.01769,0
2023-09-16,COTIUSDT,0.04372,0
2023-09-16,LINAUSDT,0.0108,0
2023-09-16,TUSDT,0.01804,0
2023-09-16,RSRUSDT,0.001987,0
2023-09-16,ZILUSDT,0.01659,0
2023-09-16,TLMUSDT,0.01013,0
2023-09-16,1000SHIBUSDT,0.007396,0
2023-09-16,XEMUSDT,0.026,0
2023-09-16,1000XECUSDT,0.02362,0
2023-09-16,RVNUSDT,0.01512,0
2023-09-16,STMXUSDT,0.00702,0
2023-09-16,PEOPLEUSDT,0.00968,0
2023-09-16,JASMYUSDT,0.003621,0
2023-09-16,MDTUSDT,0.04655,0
2023-09-16,CELRUSDT,0.01192,0
2023-09-16,IOTXUSDT,0.01548,0
2023-09-16,XVGUSDT,0.003447,0
2023-09-16,SKLUSDT,0.02407,0
2023-09-16,ANKRUSDT,0.01927,0
2023-09-16,DENTUSDT,0.000627,0
2023-09-16,IOSTUSDT,0.007324,0
2023-09-16,ACHUSDT,0.0159,0
2023-09-16,HOTUSDT,0.001078,0
2023-09-16,RENUSDT,0.04905,0
2023-09-23,GALAUSDT,0.01342,0
2023-09-23,ANKRUSDT,0.02013,0
2023-09-23,STMXUSDT,0.00736,0
2023-09-23,MDTUSDT,0.04484,0
2023-09-23,KEYUSDT,0.005432,0
2023-09-23,ARPAUSDT,0.04348,0
2023-09-23,1000PEPEUSDT,0.0006773,0
2023-09-23,ZILUSDT,0.01761,0
2023-09-23,REEFUSDT,0.001311,0
2023-09-23,ACHUSDT,0.01544,0
2023-09-23,LEVERUSDT,0.001819,0
2023-09-23,COTIUSDT,0.04284,0
2023-09-23,SKLUSDT,0.02182,0
2023-09-23,DENTUSDT,0.000614,0
2023-09-23,TUSDT,0.01859,0
2023-09-23,XEMUSDT,0.0263,0
2023-09-23,CKBUSDT,0.002709,0
2023-09-23,TRUUSDT,0.03473,0
2023-09-23,ROSEUSDT,0.04198,0
2023-09-23,XVGUSDT,0.003322,0
2023-09-23,RENUSDT,0.04579,0
2023-09-23,1000XECUSDT,0.02448,0
2023-09-23,AMBUSDT,0.008215,0
2023-09-23,VETUSDT,0.01697,0
2023-09-23,HOTUSDT,0.001046,0
2023-09-23,IOTXUSDT,0.01498,0
2023-09-23,RVNUSDT,0.01509,0
2023-09-23,PEOPLEUSDT,0.00972,0
2023-09-23,1000SHIBUSDT,0.007505,0
2023-09-23,RSRUSDT,0.001878,0
2023-09-23,JASMYUSDT,0.003694,0
2023-09-23,1000FLOKIUSDT,0.01588,0
2023-09-23,IOSTUSDT,0.007299,0
2023-09-23,ONEUSDT,0.0096,0
2023-09-23,TLMUSDT,0.01004,0
2023-09-23,IDEXUSDT,0.04946,0
2023-09-23,CELRUSDT,0.01175,0
2023-09-23,SPELLUSDT,0.0005214,0
2023-09-23,DGBUSDT,0.00645,0
2023-09-23,LINAUSDT,0.01099,0
